INSERT INTO user(username, password, name, lastname, reg_data, email) VALUES
("user1", "1234", "Andreas", "Papadopoulos", "2020-02-27", "andreasp99@gmail.com"),
("user2", "2345", "Basilis", "Xristou", "2022-06-14", "basilis123@gmail.com"),
("user3", "3456", "Cleopatra", "Ioannou", "2021-04-27", "cleo.ioannou45@hotmail.com"),
("user4", "4567", "Damianos", "Georgiou", "2023-11-19", "d.georgiou789@yahoo.com"),
("user5", "5678", "Eleni", "Moustaka", "2020-09-05", "eleni.m57@gmail.com"),
("user6", "6789", "Faidra", "Panagiotou", "2020-03-21", "faidra_p2020@hotmail.com"),
("user7", "ga223", "Giorgos", "Angelidis", "2022-01-10", "g.angelidis22@yahoo.com"),
("user8", "gs2045", "Giannis", "Stylianou", "2023-02-24", "giannis_stylianou345@gmail.com"),
("user9", "ioannis8812", "Ioannis", "Panou", "2021-12-07", "ioannis_panou11@hotmail.com"),
("user10", "lp8934", "Lampros", "Parios", "2022-08-13", "lampros23.parios@yahoo.com"),
("user11", "mar666", "Thanos", "Maragkos", "2021-05-18", "thanos.m666@gmail.com"),
("user12", "steve123", "Stefanos", "Xiotis", "2023-03-29", "stefanos_x87@hotmail.com"),
("user13", "123ka", "Kyriakos", "Antreou", "2022-11-30", "kyriakos.antreou123@yahoo.com"),
("user14", "5555ls", "Lazaros", "Skoutas", "2023-09-25", "l.s123koutas@gmail.com"),
("user15", "mariadb", "Maria", "Rafti", "2020-02-14", "maria_rafti89@hotmail.com"),
("user16", "kat978", "Katerina", "Stefanidou", "2020-08-01", "katerina.s2020@yahoo.com"),
("user17", "zoi1778", "Zoi", "Panagi", "2021-06-22", "zoi_panagi77@gmail.com"),
("user18", "xri4444", "Xristina", "Papa", "2020-12-16", "xristina.papa444@hotmail.com"),
("user19", "anna1050", "Anna", "Nikolaou", "2023-04-05", "anna_n50@yahoo.com"),
("user20", "vasilop89", "Andria", "Vasilopoulou", "2022-02-26", "a.vasilopoulou89@gmail.com"),
("user21", "kar2555", "Kwstas", "Karagiannis", "2021-08-15", "kwstas.kara77@hotmail.com"),
("user22", "sok9567", "Sokratis", "Karaoulis", "2023-01-09", "sokratis.kar567@yahoo.com"),
("user23", "mamosbeer", "Lefteris", "Mamos", "2020-07-19", "lefteris.m2020@gmail.com"),
("user24", "marios123", "Marios", "Alexiou", "2022-03-02", "m.alexiou123@hotmail.com"),
("user25", "angel57", "Angelos", "Kozakou", "2021-11-23", "angelos_koz57@yahoo.com"),
("user26", "kal5432", "Kalia", "Stavridi", "2023-06-10", "kalia.stavridi432@gmail.com"),
("user27", "raf1289", "Rafail", "Maniakis", "2020-10-06", "rafail_1289@hotmail.com"),
("user28", "efti5000", "Eftixia", "Aggelaki", "2023-05-21", "eftixia.aggelaki5000@yahoo.com"),
("user29", "123stav123", "Stavros", "Michail", "2020-06-04", "stavros_michail123@gmail.com"),
("user30", "anastasia7", "Anastasia", "Pagoni", "2022-07-28", "anastasia.p7@hotmail.com"),
("user31", "panteli63", "Xristos", "Panteli", "2021-01-13", "xristos63.panteli@yahoo.com"),
("user32", "xar1178", "Xaris", "Gatos", "2021-07-07", "xaris_gatos1178@gmail.com"),
("user33", "ss336", "Stathis", "Savvidi", "2023-10-30", "stathis.s336@hotmail.com"),
("user34", "ik2946", "Iasonas", "Kolias", "2021-02-19", "iasonas.k299@yahoo.com"),
("user35", "vk1057", "Vasiliki", "Kagia", "2020-04-22", "vasiliki.kagia@gmail.com"),
("user36", "on7777", "Orestis", "Nikolaou", "2022-09-17", "orestis777@hotmail.com"),
("user37", "petrospetros", "Petros", "Maragkos", "2023-12-9", "primalpetros123@gmail.com"),
("user38", "thisissparta", "Leonidas", "Gourvelos", "2024-07-16", "leongourv13@gmail.com"),
("user39", "geolalas2803", "Giorgos", "Lalas", "2023-12-12", "georgelalas03@gmail.com"),
("user40", "mike1234", "Michalis", "Tanteles", "2023-11-12", "tantelios1234@gmail.com"); 

INSERT INTO employee(username, bio, sistatikes, certificates) VALUES
("user1", "Έμπειρος προγραμματιστής λογισμικού με ισχυρή εμπειρία στη διαχείριση έργων.", NULL, "AWS Certified Developer"),
("user2", "Χρηματοοικονομικός αναλυτής.", NULL, "Certified Financial Planner"),
("user3", "Στρατηγικός σύμβουλος μάρκετινγκ.", NULL, NULL),
("user4", "Σύμβουλος πληροφορικής.", NULL, "Certified Cloud Security Professional"),
("user5", "Εκπαιδευτικός με εμπειρία σε καινοτόμες μεθόδους διδασκαλίας.", NULL, NULL),
("user6", "Δημιουργική γραφίστρια.", NULL, "Graphic design certificate"),
("user7", "Πολιτικός μηχανικός με εξειδίκευση σε έργα υποδομών.", NULL, "Certified Construction Manager"),
("user8", "Εκτελεστικός υπεύθυνος πωλήσεων.", NULL, "HubSpot Sales Management Certification"),
("user9", "Αναλυτής δεδομένων με εξειδίκευση στη στατιστική ανάλυση.", NULL, NULL),
("user10", "Πρώην διευθυντής λειτουργιών με εστίαση στη βελτιστοποίηση διαδικασιών.", NULL, NULL),
("user11", "Χρηματοοικονομικός σύμβουλος με ειδικότητα στις στρατηγικές επενδύσεων.", NULL, "Certified Financial Planner"),
("user12", "Μηχανικός λογισμικού με εξειδίκευση στην ανάπτυξη ιστοσελίδων.", NULL, NULL),
("user13", "Επαγγελματίας HR με 5 χρόνια εμπειρίας.", NULL, "SHRM Certified Professional"),
("user14", "Μηχανικός μηχανολογίας με υπόβαθρο στο σχεδιασμό προϊόντων και την κατασκευή.", NULL, "Certified SolidWorks Professional"),
("user15", "Συντονίστρια έργων με ικανότητες στο σχεδιασμό και την εκτέλεση.", NULL, "CompTIA Project+"),
("user16", "Ερευνήτρια με ειδικότητα στη βιοχημεία.", NULL, NULL),
("user17", "Γραφίστρια με κλίση σε ψηφιακή τέχνη.", NULL, "Adobe Certified Professional"),
("user18", "Ειδική στις επικοινωνίες με εξειδίκευση στις δημόσιες σχέσεις.", NULL, NULL);

INSERT INTO languages(candid,lang) VALUES 
("user1", "EN"),
	("user2", "EN"),
	("user2", "GR"),
("user3", "EN"),
("user3", "FR"),
("user3", "GR"),
	("user4", "GE"),
	("user4", "EN"),
("user5", "GR"),
("user5", "EN"),
	("user6", "FR"),
	("user6", "EN"),
("user7", "EN"),
("user7", "GR"),
	("user8", "EN"),
("user9", "GR"),
("user9", "EN"),
	("user10", "EN"),
	("user10", "FR"),
("user11", "GR"),
("user11", "EN"),
	("user12", "EN"),
	("user12", "FR"),
("user13", "EN"),
("user13", "GR"),
	("user14", "GE"),
	("user14", "EN"),
("user15", "GR"),
	("user16", "EN"),
	("user16", "GR"),
("user17", "GR"),
("user17", "EN"),
	("user18", "EN"),
	("user18", "FR"),
	("user18", "GR");

/*	
	Οι user1, user2 και user3 συμμετείχαν σε 3 προτζεκτ. Οι 6 και 10 σε 2.
	Οι user7,user9,user13,user15,user18 δεν συμμετείχαν σε κανένα προτζεκτ.
*/
INSERT INTO project(candid, num, descr, url) VALUES
("user1", 1, "Project διαχείρισης αποθεμάτων", "http://github.com/user1/inventory-management"),
("user1", 2, "Σύστημα διαχείρισης πελατών", "http://github.com/user1/customer-management-system"),
("user1", 3, "Ανάπτυξη λογισμικού ασφαλείας", "http://github.com/user1/security-software-development"),
("user2", 1, "Ανάπτυξη συστήματος CRM", "http://github.com/user2/crm-system"),
("user2", 2, "Χρηματοοικονομική ανάλυση αγοράς", "http://github.com/user2/financial-market-analysis"),
("user2", 3, "Ανάλυση δεδομένων πωλήσεων", "http://github.com/user2/sales-data-analysis"),
("user3", 1, "Καμπάνια ψηφιακού μάρκετινγκ", "http://github.com/user3/digital-marketing-campaign"),
("user3", 2, "Βελτιστοποίηση SEO", "http://github.com/user3/seo-optimization"),
("user3", 3, "Στρατηγική καμπάνια μάρκετινγκ", "http://github.com/user3/marketing-strategy-campaign"),
("user4", 1, "Ενσωμάτωση ERP συστήματος", "http://github.com/user4/erp-integration"),
("user5", 1, "Σχεδιασμός εκπαιδευτικού προγράμματος", "http://github.com/user5/education-program-design"),
("user6", 1, "Δημιουργία διαδραστικού γραφιστικού εργαλείου", "http://github.com/user6/interactive-graphics-tool"),
("user6", 2, "Ανάπτυξη εργαλείου ανάλυσης δεδομένων", "http://github.com/user6/data-analysis-tool-development"),
("user8", 1, "Ανάπτυξη πλάνου πωλήσεων", "http://github.com/user8/sales-plan-development"),
("user10", 1, "Βελτιστοποίηση επιχειρησιακών διαδικασιών", "http://github.com/user10/business-process-optimization"),
("user10", 2, "Ανάλυση δεδομένων απόδοσης", "http://github.com/user10/performance-data-analysis"),
("user11", 1, "Στρατηγικές επενδύσεων", "http://github.com/user11/investment-strategies"),
("user12", 1, "Ανάπτυξη εφαρμογής ιστού", "http://github.com/user12/web-application-development"),
("user14", 1, "Σχεδιασμός νέου προϊόντος", "http://github.com/user14/new-product-design"),
("user16", 1, "Έρευνα στη βιοχημεία", "http://github.com/user16/biochemistry-research"),
("user17", 1, "Δημιουργία ψηφιακής τέχνης", "http://github.com/user17/digital-art-creation");



INSERT INTO degree(titlos,bathmida,idryma) VALUES
("Επιστήμη Υπολογιστών", "BSc", "Πανεπιστήμιο Αθηνών"),
("Οικονομικά", "BSc", "Οικονομικό Πανεπιστήμιο Αθηνών"),
("Μάρκετινγκ", "BSc", "Πανεπιστήμιο Πειραιώς"),
("Μηχανικών Η/Υ και Πληροφορικής", "BSc", "Πανεπιστήμιο Πατρών"),
("Εκπαίδευση", "BSc", "Πανεπιστήμιο Πατρών"),
("Γραφιστική", "BSc", "Πανεπιστήμιο Κρήτης"),
("Πολιτική Μηχανική", "BSc", "Εθνικό Μετσόβιο Πολυτεχνείο"),
("Διοίκηση Επιχειρήσεων", "BSc", "Πανεπιστήμιο Μακεδονίας"),
("Στατιστική", "BSc", "Πανεπιστήμιο Ιωαννίνων"),
("Διοίκηση Επιχειρήσεων", "MSc", "Οικονομικό Πανεπιστήμιο Αθηνών"),
("Χρηματοοικονομικά", "MSc", "Πανεπιστήμιο Πειραιώς"),
("Επιστήμη Υπολογιστών", "MSc", "Πανεπιστήμιο Θεσσαλονίκης"),
("Διοίκηση Ανθρώπινου Δυναμικού", "MSc", "Πανεπιστήμιο Πατρών"),
("Μηχανολογία", "MSc", "Πανεπιστήμιο Δυτικής Μακεδονίας"),
("Διοίκηση Έργων", "MSc", "Εθνικό Μετσόβιο Πολυτεχνείο"),
("Βιοχημεία", "PhD", "Πανεπιστήμιο Αθηνών"),
("Ψηφιακή Τέχνη", "PhD", "Πανεπιστήμιο Κρήτης"),
("Επικοινωνία και Δημόσιες Σχέσεις", "PhD", "Πανεπιστήμιο Ιωαννίνων");



INSERT INTO has_degree(degr_title,degr_idryma,cand_usrname,etos,grade) VALUES
("Επιστήμη Υπολογιστών", "Πανεπιστήμιο Αθηνών", "user1", 2010, 7.8),
("Οικονομικά", "Οικονομικό Πανεπιστήμιο Αθηνών", "user2", 2012, 7.2),
("Μάρκετινγκ", "Πανεπιστήμιο Πειραιώς", "user3", 2015, 7.5),
("Μηχανικών Η/Υ και Πληροφορικής", "Πανεπιστήμιο Πατρών", "user4", 2008, 6.3),
("Εκπαίδευση", "Πανεπιστήμιο Πατρών", "user5", 2011, 8.1),
("Γραφιστική", "Πανεπιστήμιο Κρήτης", "user6", 2014, 7.6),
("Πολιτική Μηχανική", "Εθνικό Μετσόβιο Πολυτεχνείο", "user7", 2009, 7.2),
("Διοίκηση Επιχειρήσεων", "Πανεπιστήμιο Μακεδονίας", "user8", 2013, 7.1),
("Στατιστική", "Πανεπιστήμιο Ιωαννίνων", "user9", 2016, 7.9),
("Διοίκηση Επιχειρήσεων", "Οικονομικό Πανεπιστήμιο Αθηνών", "user10", 2007, 6.8),
("Χρηματοοικονομικά", "Πανεπιστήμιο Πειραιώς", "user11", 2018, 6.9),
("Επιστήμη Υπολογιστών", "Πανεπιστήμιο Θεσσαλονίκης", "user12", 2014, 7.4),
("Διοίκηση Ανθρώπινου Δυναμικού", "Πανεπιστήμιο Πατρών", "user13", 2011, 6.8),
("Μηχανολογία", "Πανεπιστήμιο Δυτικής Μακεδονίας", "user14", 2009, 7.4),
("Διοίκηση Έργων", "Εθνικό Μετσόβιο Πολυτεχνείο", "user15", 2010, 7.3),
("Βιοχημεία", "Πανεπιστήμιο Αθηνών", "user16", 2020, 8.2),
("Ψηφιακή Τέχνη", "Πανεπιστήμιο Κρήτης", "user17", 2018, 7.5),
("Επικοινωνία και Δημόσιες Σχέσεις", "Πανεπιστήμιο Ιωαννίνων", "user18", 2019, 7.1);

INSERT INTO etaireia(afm,doy,name,tel,street,num,city,country) VALUES
("123456789", "Α' Αθηνών", "Alpha Consulting", "2101234567", "Σταδίου", 10, "Αθήνα", "Ελλάδα"),
("987654321", "Γ' Θεσσαλονίκης", "Primal Financial Services", "2310123456", "Εγνατία", 45, "Θεσσαλονίκη", "Ελλάδα"),
("456789123", "Πειραιά", "Digital Technologies", "2109876543", "Ακτή Μιαούλη", 12, "Πειραιάς", "Ελλάδα"),
("789123456", "Β' Πατρών", "Karydakis Construction", "2610123456", "Κορίνθου", 99, "Πάτρα", "Ελλάδα"),
("321654987", "Ηρακλείου", "Psounis IT Solutions", "2810123456", "Δαιδάλου", 7, "Ηράκλειο", "Ελλάδα"),
("654987321", "Λάρισας", "Sigma Logistics", "2410123456", "Κύπρου", 33, "Λάρισα", "Ελλάδα"),
("789456123", "Ιωαννίνων", "Veta Pharmaceuticals", "2651023456", "Αβέρωφ", 20, "Ιωάννινα", "Ελλάδα"),
("123987654", "Βόλου", "Master Marketing", "2421023456", "Δημητριάδος", 15, "Βόλος", "Ελλάδα"),
("987321456", "Ρόδου", "Zeus Hospitality", "2241023456", "Ιπποκράτους", 18, "Ρόδος", "Ελλάδα");

INSERT INTO evaluator(username, exp_years, firm) VALUES
("user19", 5, "123456789"),
("user20", 3, "123456789"),
("user21", 7, "987654321"),
("user22", 4, "987654321"),
("user23", 6, "456789123"),
("user24", 2, "456789123"),
("user25", 8, "789123456"),
("user26", 5, "789123456"),
("user27", 10, "321654987"),
("user28", 3, "321654987"),
("user29", 4, "654987321"),
("user30", 6, "654987321"),
("user31", 9, "789456123"),
("user32", 7, "789456123"),
("user33", 3, "123987654"),
("user34", 5, "123987654"),
("user35", 2, "987321456"),
("user36", 4, "987321456");

INSERT INTO job(id, start_date, salary, position, edra, evaluator, submission_date, announce_date) VALUES
(1, '2023-07-14', 1200, 'Software Developer', 'Αθήνα', 'user19', '2023-06-30', '2023-05-15'),
(2, '2022-10-14', 1300, 'Project Manager', 'Αθήνα', 'user20', '2022-09-30', '2022-08-15'),
(3, '2021-03-15', 1100, 'Financial Analyst', 'Θεσσαλονίκη', 'user21', '2021-03-01', '2021-01-15'),
(4, '2020-06-15', 900, 'Marketing Strategist', 'Θεσσαλονίκη', 'user22', '2020-06-01', '2020-04-15'),
(5, '2022-01-14', 1400, 'IT Consultant', 'Πειραιάς', 'user23', '2021-12-31', '2021-11-15'),
(6, '2023-02-15', 1000, 'Network Engineer', 'Πειραιάς', 'user24', '2023-02-01', '2022-12-15'),
(7, '2024-10-15', 1500, 'Civil Engineer', 'Πάτρα', 'user25', '2024-09-01', '2024-08-15'),
(8, '2020-04-15', 1100, 'Construction Manager', 'Πάτρα', 'user26', '2020-04-01', '2020-02-15'),
(9, '2023-06-14', 1300, 'Software Engineer', 'Ηράκλειο', 'user27', '2023-05-31', '2023-04-15'),
(10, '2021-11-14', 800, 'IT Support', 'Ηράκλειο', 'user28', '2021-10-31', '2021-09-15'),
(11, '2024-09-23', 700, 'Logistics Coordinator', 'Λάρισα', 'user29', '2025-08-01', '2025-06-15'),
(12, '2022-05-15', 1200, 'Supply Chain Manager', 'Λάρισα', 'user30', '2022-05-01', '2022-03-15'),
(13, '2020-09-15', 900, 'Pharmaceutical Representative', 'Ιωάννινα', 'user31', '2020-09-01', '2020-07-15'),
(14, '2021-12-15', 1100, 'Biotechnologist', 'Ιωάννινα', 'user32', '2021-12-01', '2021-10-15'),
(15, '2022-07-14', 1400, 'Sales Executive', 'Βόλος', 'user33', '2022-06-30', '2022-05-15'),
(16, '2024-09-15', 1200, 'Marketing Manager', 'Βόλος', 'user34', '2024-09-01', '2024-07-15'),
(17, '2021-03-15', 1300, 'Hospitality Manager', 'Ρόδος', 'user35', '2021-03-01', '2021-01-15'),
(18, '2019-05-14', 800, 'Event Coordinator', 'Ρόδος', 'user36', '2019-04-30', '2019-03-15'),
(19, '2024-10-15', 700, 'Business Analyst', 'Αθήνα', 'user19', '2024-10-01', '2024-08-15'),
(20, '2021-11-15', 1500, 'Financial Consultant', 'Θεσσαλονίκη', 'user22', '2021-11-01', '2021-09-15'),
(21, '2023-05-15', 1000, 'Graphic Designer', 'Πειραιάς', 'user24', '2023-05-01', '2023-03-15'),
(22, '2019-06-15', 1300, 'HR Specialist', 'Λάρισα', 'user30', '2019-06-01', '2019-04-15'),
(23, '2022-01-15', 1100, 'Product Manager', 'Ιωάννινα', 'user31', '2022-01-01', '2021-11-15'),
(24, '2024-08-14', 900, 'Research Scientist', 'Ηράκλειο', 'user27', '2024-07-31', '2024-06-15');



INSERT INTO subject(title, descr, belongs_to) VALUES
("Software Engineering", "Εξειδίκευση στη μηχανική λογισμικού, σχεδίαση και ανάπτυξη λογισμικού.", NULL),
("Project Management", "Διαχείριση και συντονισμός έργων σε διάφορους τομείς.", NULL),
("Financial Analysis", "Ανάλυση και εκτίμηση οικονομικών δεδομένων.", NULL),
("Marketing", "Στρατηγικές και τακτικές μάρκετινγκ για προώθηση προϊόντων και υπηρεσιών.", NULL),
("IT Consulting", "Συμβουλευτικές υπηρεσίες για βελτίωση των συστημάτων πληροφορικής.", NULL),
("Engineering", "Επιστήμη και τεχνολογία για την ανάπτυξη και εφαρμογή τεχνικών λύσεων.", NULL),
("Construction", "Διαχείριση και εκτέλεση κατασκευαστικών έργων.", NULL),
("Logistics", "Διαχείριση και συντονισμός της εφοδιαστικής αλυσίδας.", NULL),
("Sales", "Διαχείριση και ανάπτυξη στρατηγικών πωλήσεων.", NULL),
("Research", "Επιστημονική έρευνα και ανάπτυξη νέων γνώσεων και τεχνολογιών.", NULL),
("Design", "Δημιουργία και σχεδίαση οπτικών και λειτουργικών λύσεων.", NULL),
("Human Resources", "Διαχείριση ανθρώπινου δυναμικού και ανάπτυξη στρατηγικών HR.", NULL);
INSERT INTO subject(title, descr, belongs_to) VALUES
("Software Development", "Ανάπτυξη και δημιουργία εφαρμογών λογισμικού.", "Software Engineering"),
("Software Quality Assurance", "Διασφάλιση ποιότητας λογισμικού μέσω ελέγχων και δοκιμών.", "Software Engineering"),
("Project Coordination", "Συντονισμός έργων και διαχείριση πόρων.", "Project Management"),
("Economic Forecasting", "Πρόβλεψη οικονομικών τάσεων και ανάλυση δεδομένων.", "Financial Analysis"),
("Digital Marketing", "Στρατηγικές μάρκετινγκ μέσω ψηφιακών καναλιών.", "Marketing"),
("IT Infrastructure", "Σχεδίαση και διαχείριση υποδομών πληροφορικής.", "IT Consulting"),
("Network Design", "Σχεδίαση και υλοποίηση δικτύων υπολογιστών.", "Engineering"),
("Structural Engineering", "Σχεδίαση και ανάλυση δομικών έργων.", "Engineering"),
("Construction Planning", "Σχεδίαση και προγραμματισμός κατασκευαστικών έργων.", "Construction"),
("Construction Supervision", "Εποπτεία και διαχείριση κατασκευαστικών έργων.", "Construction"),
("Supply Chain Optimization", "Βελτιστοποίηση διαδικασιών εφοδιαστικής αλυσίδας.", "Logistics"),
("Pharmaceutical Sales", "Πώληση φαρμακευτικών προϊόντων.", "Sales"),
("Biotechnological Research", "Έρευνα στον τομέα της βιοτεχνολογίας.", "Research"),
("Sales Strategy", "Στρατηγικές και τακτικές για βελτίωση των πωλήσεων.", "Sales"),
("Marketing Management", "Διαχείριση στρατηγικών μάρκετινγκ και ομάδων.", "Marketing"),
("Hospitality Management", "Διαχείριση επιχειρήσεων φιλοξενίας.", "Human Resources"),
("Event Planning", "Σχεδίαση και οργάνωση εκδηλώσεων.", "Human Resources"),
("Business Intelligence", "Ανάλυση και εκμετάλλευση επιχειρησιακών δεδομένων.", "Financial Analysis"),
("Financial Consulting", "Συμβουλευτικές υπηρεσίες σε οικονομικά θέματα.", "Financial Analysis"),
("Graphic Design", "Σχεδιασμός οπτικών υλικών και διαφημίσεων.", "Design"),
("HR Development", "Ανάπτυξη στρατηγικών και προγραμμάτων για ανθρώπινο δυναμικό.", "Human Resources"),
("Product Development", "Ανάπτυξη και διαχείριση προϊόντων στην αγορά.", "Project Management"),
("Scientific Research", "Έρευνα σε επιστημονικά πεδία για νέες ανακαλύψεις.", "Research"),
("Logistics Management", "Διαχείριση και συντονισμός της εφοδιαστικής αλυσίδας.", "Logistics");

INSERT INTO requires (job_id, subject_title) VALUES
(1, "Software Development"),
    (2, "Software Quality Assurance"),
	(2, "Project Coordination"),
	(2, "Digital Marketing"),
	(2, "Supply Chain Optimization"),
(3, "Economic Forecasting"),
(3, "Pharmaceutical Sales"),
(3, "Supply Chain Optimization"),
	(4, "Biotechnological Research"),
	(4, "Construction Planning"),
	(4, "Graphic Design"),
	(4, "Project Coordination"),
(5, "Digital Marketing"),
(5, "Logistics Management"),
	(6, "Supply Chain Optimization"),
	(6, "Software Development"),
	(6, "Network Design"),
	(6, "IT Infrastructure"),
(7, "Structural Engineering"),
	(8, "Project Coordination"),
	(8, "Design"),
	(8, "Pharmaceutical Sales"),
(9, "Graphic Design"),
(9, "Business Intelligence"),
(9, "Construction Supervision"),
	(10, "Marketing Management"),
	(10, "Scientific Research"),
	(10, "Software Quality Assurance"),
(11, "HR Development"),
(11, "Logistics Management"),
(11, "Network Design"),
	(12, "Digital Marketing"),
	(12, "Product Development"),
(13, "Sales Strategy"),
(13, "Pharmaceutical Sales"),
(13, "Design"),
	(14, "Scientific Research"),
	(14, "Supply Chain Optimization"),
	(14, "Project Coordination"),
(15, "Software Development"),
(15, "HR Development"),
(15, "Digital Marketing"),
	(16, "Construction Supervision"),
	(16, "Product Development"),
	(16, "Design"),
(17, "Event Planning"),
(17, "Supply Chain Optimization"),
(17, "IT Infrastructure"),
(17, "Sales Strategy"),
	(18, "Marketing Management"),
	(18, "Scientific Research"),
	(18, "Biotechnological Research"),
(19, "HR Development"),
(19, "Digital Marketing"),
(19, "Network Design"),
	(20, "Software Development"),
	(20, "Logistics Management"),
	(20, "Project Coordination"),
(21, "Pharmaceutical Sales"),
(21, "Scientific Research"),
(21, "Product Development"),
	(22, "Software Development"),
	(22, "Marketing Management"),
	(22, "Biotechnological Research"),
(23, "Construction Planning"),
(23, "Sales Strategy"),
(23, "Logistics Management"),
	(24, "Design"),
	(24, "Product Development"),
	(24, "Scientific Research"),
	(24, "Software Quality Assurance");
    
INSERT INTO applies(cand_username, job_id, aitisi) VALUES
('user1', 1, 'energi'),
('user3', 2, 'energi'),
('user2', 3, 'energi'),
('user3', 4, 'energi'),
('user4', 5, 'energi'),
('user4', 6, 'energi'),
('user7', 7, 'energi'),
('user7', 8, 'energi'),
('user1', 9, 'energi'),
('user4', 10, 'energi'),
('user13', 11, 'energi'),
('user13', 12, 'energi'),
('user14', 13, 'energi'),
('user16', 14, 'energi'),
('user8', 15, 'energi'),
('user3', 16, 'energi'),
('user18', 17, 'energi'),
('user18', 18, 'energi'),
('user3', 19, 'energi'),
('user2', 20, 'energi'),
('user6', 21, 'energi'),
('user13', 22, 'energi'),
('user14', 23, 'energi'),
('user16', 24, 'energi');

INSERT INTO examination (evaluator1_username, evaluator2_username, applicant_username, ait_id, grade) VALUES
('user19', 'user20', 'user1', 1, 18),
('user21', 'user22', 'user2', 2, 15),
('user23', 'user24', 'user3', 3, 12),
('user25', 'user26', 'user4', 4, 9),
('user27', 'user28', 'user5', 5, 17),
('user29', 'user30', 'user6', 6, 16),
('user31', 'user32', 'user7', 7, 8),
('user33', 'user34', 'user8', 8, 14),
('user35', 'user36', 'user9', 9, 11),
('user19', 'user20', 'user10', 10, 5),
('user21', 'user22', 'user11', 11, 19);

INSERT INTO DBA (username, start_date, end_date) VALUES
("user37", "2023-12-9", "2024-4-17"),
("user38", "2024-07-16", NULL), 
("user39", "2024-12-12", NULL),
("user40", "2024-12-11", NULL);
INSERT INTO log (act, tab, act_date, administrator) VALUES ('INSERT', 'DEGREE', CURRENT_TIMESTAMP, 'user39');